FMCG,FMCG,BR -001
Finance,Finance,BR -002
CCO,CCO,BR -003
Risk and Compliance,Risk and Compliance,BR -004
Projects & Maintenance,Projects & Maintenance,BR -005
Fresh Food,Fresh Food,BR -006
Management,Management,BR -007
Human Resources,Human Resources,BR -008
Warehouse,Warehouse,BR -009
Purchasing,Purchasing,BR -010
Commercial,Commercial,BR -011
Information Technology,Information Technology,BR -012
Operations,Operations,BR -013
Quality Control,Quality Control,BR -014
Marketing,Marketing,BR -015
None Food,None Food,BR -016
Business Cycle,Business Cycle,BR -017
Financial Control and Internal Audit,Financial Control and Internal Audit,BR -018
Customer Service,Customer Service,BR -019
Fresh Food,Fresh Food,BR -020
Legal,Legal,BR -021
